id,first_name,last_name
1,Вацлав,Мартынова
2,Алина,Иванова
3,Филипп,Алексеева
4,Натан,Лапин
5,Боян,Маслова
6,Наталья,Гришина
7,Алина,Денисова
8,Назар,Журавлева
9,Борис,Филиппова
10,Наталья,Никитина
11,Кирилл,Михеева
12,Каллистрат,Ситников
13,Ерофей,Доронин
14,Ерофей,Федосеев
15,Измаил,Власова
16,Владислав,Ширяева
17,Трофим,Гришина
18,Эммануил,Игнатов
19,Осип,Гуляева
20,Аверкий,Рябова
21,Кирилл,Логинова
22,Пахом,Симонова
23,Фотий,Устинова
24,Каллистрат,Петрова
25,Ипат,Морозова
26,Викторин,Виноградова
27,Герасим,Зайцева
28,Евфросиния,Тимофеев
29,Юлия,Кулагин
30,Ратмир,Денисова
31,Корнил,Антонов
32,Тимур,Горбачев
33,Карп,Дроздова
34,Ерофей,Галкин
35,Фока,Фадеева
36,Людмила,Брагин
37,Дарья,Лобанова
38,Твердислав,Ефимов
39,Георгий,Горшкова
40,Конон,Прохорова
41,Григорий,Субботин
42,Елизар,Устинова
43,Ферапонт,Емельянова
44,Гедеон,Дмитриева
45,Викторин,Алексеев
46,Максим,Зимина
47,Юлия,Сидорова
48,Надежда,Хохлова
49,Родион,Красильников
50,Вадим,Савина
51,Самсон,Фомин
52,Изот,Сергеева
53,Ферапонт,Лазарева
54,Герасим,Пономарев
55,Евдоким,Голубева
56,Никита,Яковлев
57,Ермолай,Горбунов
58,Ия,Селиверстова
59,Данила,Денисова
60,Лариса,Мухин
61,Прокл,Дроздов
62,Евстигней,Лихачев
63,Евгений,Анисимов
64,Ефрем,Максимова
65,Валерий,Селиверстов
66,Рубен,Исаев
67,Порфирий,Горшкова
68,Натан,Медведев
69,Платон,Одинцова
70,Любим,Зыкова
71,Демид,Рыбакова
72,Эммануил,Горшков
73,Марфа,Воробьев
74,Елизар,Шилова
75,Мефодий,Савельева
76,Остап,Мартынов
77,Остромир,Жданова
78,Зинаида,Бурова
79,Вячеслав,Горбунов
80,Филарет,Белоусова
81,Савватий,Киселев
82,Пимен,Воробьев
83,Симон,Сорокин
84,Лариса,Ситникова
85,Фирс,Антонова
86,Тимофей,Субботина
87,Ульян,Федосеев
88,Творимир,Овчинникова
89,Карп,Гордеев
90,Мстислав,Савин
91,Егор,Стрелков
92,Аскольд,Лобанова
93,Сила,Комаров
94,Константин,Лаврентьева
95,Таисия,Аксенова
96,Иннокентий,Соболева
97,Силантий,Мамонтова
98,София,Маслов
99,Панфил,Селиверстова
100,Сильвестр,Евсеев
101,Будимир,Зиновьев
102,Алла,Зыкова
103,Ираклий,Комарова
104,Мария,Шубин
105,Юлиан,Кузнецов
106,Андрон,Степанов
107,Ия,Абрамова
108,Нифонт,Беляев
109,Софрон,Терентьева
110,Яков,Петрова
111,Всеслав,Лобанова
112,Арефий,Тихонова
113,Андрей,Зуева
114,Павел,Хохлов
115,Парфен,Авдеев
116,Афиноген,Никитин
117,Изот,Зыкова
118,Еремей,Веселов
119,Пров,Гусев
120,Нинель,Пестова
121,Станимир,Кондратьева
122,София,Агафонова
123,Пелагея,Жукова
124,Орест,Виноградова
125,Никодим,Лапин
126,Пимен,Дементьева
127,Анастасия,Макаров
128,Изяслав,Горшкова
129,Нонна,Гурьев
130,Наина,Колесникова
131,Олимпиада,Кошелев
132,Корнил,Веселов
133,Светозар,Жданов
134,Дорофей,Игнатьев
135,Ангелина,Кузьмина
136,Фотий,Крылова
137,Герман,Егоров
138,Моисей,Власова
139,Остап,Зайцева
140,Елизар,Исаков
141,Синклитикия,Суворова
142,Лонгин,Сафонова
143,Ананий,Никитин
144,Лидия,Савина
145,Август,Хохлов
146,Ферапонт,Куликова
147,Наум,Ильина
148,Тит,Галкина
149,Ермил,Рябов
150,Онуфрий,Мишин
